{"pickup_longitude": -73.982683, "pickup_latitude": 40.742104, "dropoff_longitude": -73.983766, "dropoff_latitude": 40.755174, "passenger_count": 3.0, "pickup_datetime": "2010-02-08 09:17:00 UTC"}
